{"nominal_temp_k": -1000000000.0, "pre_temp_k": 0.199969, "post_temp_k": 0.200046, "pre_time_epoch_s": 1612039962.6015253, "post_time_epoch_s": 1612039973.2935858, "pre_hout": 30.9993, "post_hout": 30.9665, "post_slope_hout_per_hour": -0.7019299403976381, "dac_values": [10000, 8889, 7778, 6667, 5556, 4444, 3333, 2222, 1111, 0], "fb_values": [[7971.44482421875, 8287.318359375, 9577.3662109375, 8203.0888671875, 9537.056640625, 10279.044921875, 8201.4638671875, 8003.07275390625, 9306.263671875, 8981.80859375, 7570.91357421875, 9550.734375, 7387.8046875, 7408.14892578125, 7588.00634765625, 7384.4912109375, 8014.05126953125, 9495.173828125, 9078.921875, 10027.7197265625, 9169.8916015625, 8584.8232421875, 10084.7314453125, 7471.6416015625], [7973.17138671875, 8763.9208984375, 10049.0166015625, 8670.5654296875, 10008.2587890625, 10758.337890625, 8633.22265625, 8443.4951171875, 9307.9453125, 8979.943359375, 8013.671875, 9554.1982421875, 7834.0537109375, 7859.26171875, 8055.03662109375, 7831.291015625, 8463.439453125, 9496.794921875, 9080.4599609375, 10480.5283203125, 9635.2236328125, 9035.7216796875, 10537.3154296875, 7936.978515625], [7974.66015625, 9283.2099609375, 10563.4091796875, 9179.91796875, 10521.701171875, 11280.29296875, 9103.833984375, 8922.576171875, 9309.39453125, 8984.9755859375, 8496.197265625, 9557.1259765625, 8320.0732421875, 8351.08984375, 8563.8916015625, 8318.7822265625, 8953.849609375, 9497.759765625, 9081.91796875, 10972.8837890625, 10141.7822265625, 9526.5458984375, 11030.5537109375, 8444.099609375], [7976.125, 9885.017578125, 11159.515625, 9769.8251953125, 11117.056640625, 11885.23828125, 9649.43359375, 9478.185546875, 9310.7470703125, 8984.3916015625, 9055.5927734375, 9560.7099609375, 8884.021484375, 8920.8681640625, 9154.126953125, 8883.7060546875, 9521.2353515625, 9500.2099609375, 9084.1748046875, 11544.515625, 10729.0859375, 10095.8603515625, 11602.55078125, 9032.4443359375], [7977.9462890625, 10394.4296875, 11664.8046875, 10270.3515625, 11621.67578125, 12397.4501953125, 10111.0712890625, 9948.763671875, 9312.5966796875, 8983.3515625, 9529.015625, 9563.3916015625, 9361.107421875, 9403.8291015625, 9654.369140625, 9361.9208984375, 10002.345703125, 9501.0732421875, 9085.158203125, 12028.337890625, 11227.0107421875, 10578.208984375, 12086.6591796875, 9530.8798828125], [7980.02392578125, 10921.5751953125, 12186.73046875, 10787.5107421875, 12143.1923828125, 12927.6162109375, 10588.484375, 10435.1328125, 9313.8466796875, 8986.30859375, 10019.4404296875, 9565.9755859375, 9854.6083984375, 9903.2548828125, 10171.1357421875, 9856.9521484375, 10499.7939453125, 9502.638671875, 9086.69921875, 12528.4482421875, 11741.5859375, 11077.2861328125, 12587.2763671875, 10046.1611328125], [7981.61767578125, 11443.0546875, 12703.6337890625, 11299.8984375, 12659.1875, 13452.63671875, 11061.427734375, 10916.9423828125, 9315.76171875, 8985.5771484375, 10504.0302734375, 9569.3359375, 10343.4697265625, 10397.6494140625, 10682.708984375, 10346.4755859375, 10991.9365234375, 9504.5703125, 9088.357421875, 13023.55078125, 12251.408203125, 11570.986328125, 13082.8349609375, 10555.5126953125], [7982.35205078125, 11993.5771484375, 13248.6083984375, 11839.5771484375, 13204.1083984375, 14006.09765625, 11560.1220703125, 11425.3828125, 9316.7822265625, 8968.1171875, 11015.3369140625, 9571.798828125, 10859.03515625, 10919.3212890625, 11222.7763671875, 10862.9443359375, 11511.56640625, 9505.4130859375, 9089.27734375, 13546.6171875, 12788.8974609375, 12092.2705078125, 13605.859375, 11092.986328125], [7983.9072265625, 12392.6669921875, 13803.794921875, 12388.7412109375, 13758.716796875, 13346.96875, 11924.51953125, 11941.853515625, 9318.009765625, 8910.5263671875, 11536.416015625, 9575.2626953125, 11383.201171875, 11450.2529296875, 11772.533203125, 11388.28125, 12004.54296875, 9507.4404296875, 9091.314453125, 14078.31640625, 13335.9755859375, 12622.1337890625, 14138.41796875, 11599.90625], [7979.44970703125, 10956.212890625, 14304.0732421875, 12889.609375, 14247.9375, 13850.2080078125, 10409.69921875, 12409.6572265625, 9320.5009765625, 9298.4794921875, 11963.232421875, 9577.7255859375, 11797.4072265625, 11932.7841796875, 12190.5380859375, 11861.35546875, 10428.365234375, 9502.671875, 9092.3310546875, 14470.16796875, 13821.099609375, 13054.1044921875, 14588.15087890625, 10778.3603515625]], "bayname": "A", "db_cardname": "dfb_card", "column_number": 0, "extra_info": {"hannes is rad": "yes"}, "pre_shock_dac_value": 0}